{
  "Санкт-Петербург": [
    59.9343,
    30.3351
  ],
  "Краснодар": [
    45.0355,
    38.9753
  ],
  "Кашира": [
    54.8444,
    38.1669
  ],
  "Сортавала": [
    61.7129,
    30.7091
  ],
  "Индия": [
    28.6139,
    77.209
  ],
  "Казань": [
    55.7963,
    49.1082
  ],
  "Хабаровск": [
    48.4802,
    135.0719
  ],
  "Будапешт": [
    47.4979,
    19.0402
  ],
  "Владикавказ": [
    43.0246,
    44.6818
  ],
  "Боровичи": [
    58.3945,
    33.9195
  ],
  "Севастополь": [
    44.6166,
    33.5254
  ],
  "Казахстан": [
    51.1282,
    71.4304
  ],
  "Ростов-на-Дону": [
    47.222,
    39.7203
  ],
  "Владимир": [
    56.129,
    40.4066
  ],
  "Волгоград": [
    48.708,
    44.5133
  ],
  "Тверь": [
    56.8587,
    35.9176
  ],
  "Городище (Пензенская обл.)": [
    53.2784,
    45.7035
  ],
  "Вологда": [
    59.2205,
    39.8915
  ],
  "Новороссийск": [
    44.7239,
    37.7708
  ],
  "Омск": [
    54.9914,
    73.3645
  ],
  "Воронеж": [
    51.6606,
    39.2003
  ],
  "Псков": [
    57.8193,
    28.3344
  ],
  "Чехов": [
    55.1472,
    37.4714
  ],
  "Новотроицк": [
    51.2063,
    58.3283
  ],
  "Астрахань": [
    46.3479,
    48.0336
  ],
  "Калининград": [
    54.7104,
    20.4522
  ],
  "Уфа": [
    54.7351,
    55.9587
  ],
  "Прохладный": [
    43.7575,
    44.0297
  ],
  "Ярославль": [
    57.6261,
    39.8845
  ],
  "Кимры": [
    56.8734,
    37.3554
  ],
  "Чегем": [
    43.5673,
    43.5868
  ],
  "Тихорецк": [
    45.8547,
    40.1253
  ],
  "Петрозаводск": [
    61.785,
    34.3469
  ],
  "Киров": [
    58.6036,
    49.668
  ],
  "Белгород": [
    50.5955,
    36.5873
  ],
  "Подольск": [
    55.4242,
    37.5547
  ],
  "Нижний Новгород": [
    56.3269,
    44.0055
  ],
  "Москва": [
    55.7558,
    37.6176
  ],
  "Ковров": [
    56.3403068,
    41.2925037
  ],
  "Воскресенск": [
    55.322518,
    38.6816824
  ],
  "Липецк": [
    52.6051488,
    39.5963775
  ],
  "Новая Ладога": [
    60.1052,
    32.3147
  ],
  "Оренбург": [
    51.7671248,
    55.0978517
  ],
  "Самара": [
    53.1956255,
    50.1014927
  ],
  "Отрадный": [
    53.3754171,
    51.3258884
  ],
  "Саратов": [
    51.530018,
    46.034683
  ],
  "Симферополь": [
    44.9494977,
    34.1003633
  ],
  "Ставрополь": [
    45.0433245,
    41.9690934
  ],
  "Чехов,": [
    55.1426603,
    37.4545328
  ],
  "Щекино": [
    54.004465,
    37.5179079
  ],
  "Янино": [
    59.9481657,
    30.5736567
  ],
  "Балашиха": [
    55.7859935,
    37.98351
  ],
  "П. Новосадовый": [
    50.6419006,
    36.6904826
  ],
  "П. Воротынск": [
    54.429746,
    36.04553
  ],
  "Пгт. Сириус": [
    43.411603,
    39.950452
  ],
  "Балашиха": [
    55.7859935,
    37.98351
  ],
  "Новопавловск": [
    43.957369,
    43.63191
  ],
  "Удомля": [
    57.8794,
    34.9925
  ],
  "Городище": [
    53.2784,
    45.7035
  ]

}

